first_name,last_name,email,gender,dob,phone,account_number,balance
Gary,Mosley,bethcrawford@example.net,Female,18-06-1961,(937)376-3307,HLbwKLTC,209630.7
Matthew,Harper,feliciahurley@example.net,Male,09-08-1994,(704)631-9422,EvjGxbio,470781.79
Derek,Chambers,ericapalmer@example.com,Male,06-07-1991,001-704-531-0452x7424,uiTqFiRX,553563.44
Samantha,Moreno,jasonhanson@example.org,Female,04-10-1981,612.451.4962,ATZuTtnl,951189.36
Alexandra,Cruz,kristy21@example.net,Male,28-05-1963,+1-573-312-0243,FDlrWkZX,904348.42
Paul,Ballard,susanstevens@example.net,Male,16-12-1996,8444964465,VqtHcaSV,667495.66
Isabella,Porter,bradleypeggy@example.org,Male,05-03-1992,+1-556-325-4227,tAhuEYpL,324640.52
Joshua,Harper,zachary19@example.org,Female,04-06-1969,(870)832-9426x913,FBSeudpU,290236.76
Heather,Holmes,inichols@example.com,Male,24-07-2004,3974785509,zRhMrHbw,709522.42
Rebecca,Newton,david52@example.org,Male,19-08-1952,(983)856-4222x02009,zohqAtWt,626474.38
Larry,Roberson,wsmith@example.com,Male,28-11-2005,+1-462-444-6816x5435,IlUlzyag,782856.75
April,Lindsey,williamcole@example.net,Female,23-01-1995,(204)669-4144x6079,mkQjnGNW,915276.61
Carlos,Campos,annejenkins@example.org,Male,13-12-1981,(387)395-6055,dnaGQWrR,40870.75
Traci,Chavez,brandon55@example.com,Male,02-04-1988,641-902-5580x11106,JWnJQkkQ,818377.77
Courtney,Goodwin,maria15@example.com,Male,15-03-1951,266.694.4544x005,nLGElwdA,860245.99
Michael,Price,martinezdanielle@example.com,Male,18-09-1968,(239)742-1674x346,qgUVfIPE,235743.05
Robert,Stephenson,zshepard@example.net,Female,31-05-1966,416.818.7902,HuhPqAor,117112.85
Lisa,Michael,james96@example.org,Male,17-04-2000,001-802-670-2842,mprGIXXR,788936.57
David,Turner,butlercalvin@example.com,Male,09-09-1949,(767)349-7837x18013,DRHdHZHH,217111.84
Bradley,Lucas,andersonrichard@example.com,Male,08-08-1950,(486)890-2959,QSZjpsLr,258381.71
Jacob,Peterson,thomasrichardson@example.com,Female,12-12-1968,(618)905-4360,jiVHGUVC,244314.89
Mark,Miller,michaelmoore@example.com,Male,11-12-1960,465.515.8094,HNhbAmzj,551895.83
Brenda,Mitchell,wolfamy@example.net,Male,13-08-1969,(507)201-6188,qhxCHCQb,311822.15
Kristina,Thompson,william38@example.com,Female,11-11-1972,424.689.3868x278,BDnvakRp,80577.08
Jerry,Nolan,scott06@example.net,Female,11-03-1996,871.446.1238x832,uGzyEDdm,46329.53
Christopher,Dudley,christopher83@example.com,Male,25-06-1995,+1-491-610-3277x616,fwriyBTn,153437.74
Danielle,Bauer,tcameron@example.net,Female,31-07-1964,556-996-9999x184,KnbHsWpy,648417.85
Albert,Chavez,fhernandez@example.org,Male,02-09-1951,(231)269-8986,UjLoUsXE,382473.72
Crystal,Wood,oortiz@example.net,Female,31-05-1980,567-639-1006x7144,zAowUlgq,412553.13
Sally,Brown,hcarpenter@example.org,Female,06-04-1963,417.897.0047x2437,WvKNXRJq,100315.48
Janet,Sims,ajohnson@example.org,Male,02-10-2000,759.482.8434,nHuFLeoi,468064.41
Phillip,Gonzalez,brittany39@example.net,Male,03-08-1964,9169814545,jGDbJTFc,542599.93
Kimberly,Brooks,mikaylamonroe@example.net,Female,11-09-1969,240-945-9838x682,tptyjCvl,736942.33
Jennifer,Marks,lisalee@example.net,Male,29-09-1983,533.495.7594x073,IRQQXylK,729230.62
Terri,Jackson,alfredsanchez@example.net,Male,30-06-1944,(698)663-4153x90035,NtIbDEUc,932705.12
Jessica,Wilson,christophermoore@example.net,Female,21-06-1992,(809)518-7445,VIcHlDhu,213116.54
Alexander,Harmon,xjames@example.com,Male,02-04-1980,(724)284-5247x9743,DCGTScfP,73617.57
Ricky,Morris,rtorres@example.net,Female,14-08-2002,955-959-2419,vlfFGlUY,822483.69
Amanda,Carter,nsanchez@example.net,Male,15-07-1945,001-997-437-5414x6143,kNQzFEfa,260407.69
John,Swanson,armstrongrodney@example.net,Male,30-09-1993,(272)711-2237x19639,AzevQnFW,733048.87
Sean,Holmes,jessicakemp@example.com,Male,04-03-1968,6006712505,qXzKhjCk,858246.49
Christopher,Garcia,plee@example.com,Female,13-05-1973,+1-589-615-1652,xBGHjqSl,754345.24
Mathew,Sherman,browngeorge@example.org,Male,20-01-1990,001-608-587-3707x31571,aTOapJcc,424220.87
Michael,Bender,mendozaspencer@example.net,Male,19-08-1966,651.596.4378,AXFdSRgr,200804.88
James,Patton,lisa75@example.net,Male,10-03-2001,729.634.7634x29477,nRSYNdKD,761952.81
Shannon,Fernandez,alexandrarivera@example.org,Female,22-01-1991,(760)393-8471x7100,TlKFHjVg,711411.81
Charles,Frazier,gonzalezrichard@example.com,Female,13-09-1966,001-388-417-8085x891,ycUFmJKW,225393.65
John,Watts,michael93@example.org,Female,23-12-1999,(966)786-8524,eKOIfQhL,511041.18
Brian,Macias,rebeccamoore@example.com,Female,14-09-1943,711-916-9669x693,ZmgnGDHO,698626.35
Randy,Lopez,walter86@example.net,Male,09-07-1979,918.906.4051x3876,ILOBAYwz,289417.35
Stephanie,Randolph,aarongreen@example.org,Male,19-08-1983,942-410-9858,xRCdxWSk,485732.8
Angela,Floyd,howarddeborah@example.net,Female,15-06-1994,(459)374-1475,DxnOdWxd,186488.71
Bailey,Malone,oarnold@example.org,Female,31-10-2005,+1-732-548-3017x5847,bhgmNOsN,546659.86
Robert,Berry,stephentaylor@example.org,Female,17-02-1957,420-423-5482x677,DzRRnVVB,64176.38
Kelly,Martin,brownmichael@example.org,Female,20-09-1977,(312)699-6078x2134,fcPWiTND,212277.43
Danielle,Williams,arnoldmichael@example.com,Female,27-01-1997,+1-948-403-0154x95947,BzGBLiGj,963655.47
Ian,Cunningham,michaelbailey@example.org,Female,26-02-1960,479-361-2010x5781,KfcXoqoc,780896.67
Steven,Finley,andre51@example.org,Male,27-08-2002,474.795.4457x855,vRjWEzuK,744684.49
Richard,Simmons,normanjames@example.net,Male,23-03-1974,001-286-466-5658,SVPKcfCl,9395.62
Mary,Wilson,imcintosh@example.com,Male,11-12-1974,863.520.1462,OZXllwxr,666908.38
Patricia,Poole,monicabright@example.org,Female,27-06-1964,456-608-1390,cMAqWvfx,222579.12
Guy,Ward,garybradshaw@example.com,Male,01-06-1999,441-474-8724x158,YOwpGnIp,555439.53
Michael,Mcpherson,robertjackson@example.com,Female,18-03-1995,(864)913-9900x65041,dTTAAcCZ,150128.8
Sherry,Wise,abarton@example.net,Male,12-07-1969,9576022254,ZBNKtXBR,511442.71
David,Garcia,matthew07@example.org,Male,03-07-1992,815.333.1317x0174,PuixVEeJ,407279.46
Steven,Richardson,igordon@example.org,Male,03-03-2004,(726)911-8888x46296,fNWmrOLs,857300.11
Timothy,Brown,smithkathy@example.com,Female,17-04-2004,798.205.3275x2857,MGZDbGwz,404907.93
Stephen,Bishop,aelliott@example.org,Female,30-11-1962,398.539.3074x28665,xiRFhozJ,513440.3
Carol,Nichols,carol25@example.com,Male,22-02-1953,851.210.9022,WSPzuTAt,585532.84
Walter,Rogers,blakeirwin@example.com,Female,20-04-1975,907-493-5191x87787,TxKjARCt,558967.59
Gina,Mcgee,martinezdwayne@example.org,Male,26-09-1981,(727)582-6793,UrgsmbBs,990876.66
James,Ramirez,houseamber@example.net,Female,22-07-1956,+1-219-713-3450x292,bxSlUQZp,791862.35
Dylan,Berger,millermelinda@example.com,Male,24-01-1988,9869490213,ZkdDBDDu,296664.99
Eric,Miller,todd97@example.com,Male,09-06-1967,(497)806-7219,YmSqUosC,734202.16
Diana,Miller,ecampbell@example.com,Male,24-12-1971,708.831.2318,zoHDJTJF,311217.56
Brenda,Ford,mmontgomery@example.org,Male,26-02-1968,382.482.0323x42449,YWKgjMTM,369784.58
Stephanie,Howard,charles55@example.net,Female,29-03-1987,680-483-1919,bTtAeUpn,104701.49
Elizabeth,Mckenzie,charlesjohnson@example.com,Female,22-12-1947,446-885-5740x4489,YHdlOPgS,196283.98
Janice,Flores,egates@example.com,Female,01-08-1944,+1-503-275-9243,pUxeZMaB,584159.79
Kathleen,Gregory,mcguirediane@example.org,Male,18-11-1971,001-894-542-6412,MXwWtHTX,968848.27
Maria,Simmons,colemangregory@example.org,Male,13-07-1968,(306)230-7087,wrTcPWgm,27505.61
Dean,Fleming,david25@example.com,Female,01-10-1943,+1-928-871-5708x264,FALToSbv,143667.88
Shawn,Lawrence,mark39@example.net,Male,13-06-1994,+1-605-506-4442,MAGSpAdJ,570110.75
Gregory,Hart,brian99@example.net,Male,12-12-1988,(302)316-4786x1323,hRvPDGeD,404470.89
Brittany,Carter,anne96@example.org,Female,03-02-1964,668-808-6175x5336,bKQiWjIi,443716.16
Jerry,Carpenter,kharmon@example.com,Female,05-09-1965,001-817-664-9509,VMywYefG,849849.68
Joanne,Wells,brockkayla@example.net,Male,22-04-1946,382.428.8332x1761,YgDhGTob,477677.53
Sarah,Pacheco,alexandra92@example.net,Female,24-09-1978,924.379.8070x656,wqZrRRlO,577163.1
Julie,Martin,ohenry@example.org,Male,29-04-1983,876-345-8882x28023,gnPzUnpR,880424.77
Justin,Brown,trantodd@example.com,Female,10-02-1996,(469)443-4079x59782,OOBUmaie,294608.28
Angela,Juarez,andre69@example.net,Male,07-06-1949,907.827.4173,seKwXACl,684036.27
Ronnie,Roberts,sean82@example.org,Male,02-02-1977,9575089223,jyvPyTub,613188.12
William,Ward,wvance@example.org,Male,10-08-2003,306-354-9085x583,wCSTJFwR,680896.99
Nancy,Foley,rhines@example.net,Male,06-10-1972,(519)330-0046x4589,zserGzJK,999986.55
Sean,Washington,johnny36@example.net,Female,05-04-1955,622.759.3050,pcvtUrVx,109970.0
Christopher,Love,samanthamurray@example.net,Female,05-02-1961,001-639-441-4240,zdauOOyW,935670.8
Brandi,Kelly,kanemichelle@example.org,Male,03-01-1954,+1-269-672-3416,gzZIkfbK,107157.31
Joy,Meza,katrinagarcia@example.net,Male,28-11-1992,753.956.2252x9825,uKrPLqEs,237499.66
Monica,Lawson,sherrypeters@example.com,Female,24-12-2000,950-521-0042,nZDMShJj,951352.07
Bianca,Wilson,ayalapamela@example.com,Female,19-06-1996,(919)729-2439,wpiFjQwZ,827346.41
Christopher,Miller,fmueller@example.com,Male,05-05-1963,+1-707-589-8137x75953,MWzLMFHr,315373.46
Michael,Fernandez,cynthia21@example.net,Male,30-03-1961,+1-331-607-4148,jKHTLshX,55839.69
Juan,Palmer,sanderssusan@example.net,Male,13-01-1990,001-380-498-7941x47883,jFkSLCYP,276598.85
Brandy,Landry,sjackson@example.net,Male,18-07-1980,650-881-3129x8328,ZqEDPeZt,475586.37
Brenda,Woods,vmartinez@example.org,Male,04-03-1989,970-653-9315x07370,LbBMqiTd,734580.52
Dakota,Harris,thess@example.org,Female,03-08-1995,559-911-3195x76727,pLFZnokZ,176939.04
Nathaniel,Deleon,michael65@example.net,Male,10-08-1990,783-448-5959x034,ndaigwlD,156242.84
Michael,Williams,bstewart@example.org,Female,08-02-1975,933.955.0179,fboNFGhM,163320.41
Maureen,Hernandez,nicole68@example.com,Male,02-06-1971,(418)647-8266,Swhomcim,174523.44
Colleen,Jones,browncharles@example.net,Male,21-02-1983,647-445-0971,SDyOkBrQ,562559.56
Heidi,Perez,douglasabigail@example.org,Female,15-12-1952,(472)263-3840,EQYTVkKW,97704.77
Laurie,Avila,christopherpowell@example.com,Female,07-08-1968,821-692-3222x72392,PkekEKtE,950007.52
Joshua,Gutierrez,nancydavis@example.com,Female,04-03-1982,564.252.8921x53786,vPatadoK,818892.93
Jenna,Herring,samanthagonzalez@example.com,Male,14-02-2004,802.260.6792x22825,nGcOzYfo,462439.68
Jacqueline,Thompson,patrickrobinson@example.com,Male,12-09-1947,6266251191,XtbgzgOW,553833.39
Angela,Combs,marshelizabeth@example.net,Female,22-02-1990,(763)452-2016x8432,HgkykmzP,960428.25
Connie,Lee,mercadosandra@example.net,Male,18-12-1961,608-855-7365x125,uGEOQdUB,318612.81
Cheryl,Ferrell,adam57@example.net,Male,02-12-1969,+1-212-760-1645x5711,bYxLBbAq,765328.78
Mary,Schaefer,rgray@example.net,Female,15-11-1992,6335243825,iVraYkXI,494447.7
Ashley,Irwin,yclarke@example.net,Female,13-01-2000,813.245.7757x001,repjdUOD,807460.21
Benjamin,Wheeler,william70@example.net,Female,24-07-1978,894.989.4038,gUBNpyLW,224920.77
Nicole,Walters,anthonymartin@example.net,Female,09-01-1964,(627)212-7819,jpnLuqgK,560607.42
Terri,Bailey,deborah73@example.net,Female,25-05-2005,(256)838-5236,sKNsOrDi,971455.96
Michelle,Kelly,austinhoward@example.com,Female,09-03-1954,+1-641-706-9427x6744,JNHEjcOk,151510.46
Meghan,Hernandez,klawrence@example.org,Female,18-07-1989,2019649414,WvRjGLOO,9440.95
Matthew,Hill,burgesscassandra@example.com,Male,11-03-1960,652.825.2712x9914,ChorpNkX,693711.46
Jeremy,Sanchez,romerokayla@example.net,Female,29-11-1960,503.708.7506x240,EelyDfrV,812667.61
Carlos,Booker,colemanlarry@example.org,Female,04-06-2004,357.326.1939x5750,zERMpfFh,857226.1
Christine,Cook,katherine84@example.com,Female,19-10-2003,001-396-354-4978,bXCskxiE,754244.38
Susan,Parker,bryanhendricks@example.org,Male,09-03-1950,(533)623-9339x02406,kazkajIc,313412.67
Cody,Macias,michele42@example.net,Male,05-10-1975,598-708-4939,dKRYDmCI,334849.23
Regina,Ward,jamesfrank@example.com,Female,10-02-1973,(962)990-5816x7224,STqsGeBl,450170.72
Gloria,Curtis,ewoods@example.org,Male,02-03-1992,269-742-8988,oDfBiWIK,98321.11
Ronald,Moreno,wkeller@example.net,Female,22-07-1972,001-491-524-0753,xCpKSqBW,68264.34
Amy,Cross,martinezthomas@example.org,Male,31-07-1963,836-344-5736,tazEZwGH,977158.47
Anthony,Banks,mendezmaurice@example.org,Female,29-05-1974,2293202113,EEGVogoB,394662.29
Christine,Lewis,bradgrant@example.com,Female,05-06-1951,001-370-589-3651x57036,UtiuCKet,550476.34
Linda,Matthews,veronica29@example.org,Female,21-08-1987,+1-552-976-9445x44358,roKVIUDV,94014.3
Mitchell,Ruiz,ronald74@example.net,Male,16-06-1967,(227)241-8248,FGbMaBMi,942515.14
Amanda,Lee,creyes@example.org,Male,19-07-1967,(919)777-9063x163,BmYnFfUS,902827.55
Lisa,Munoz,frankhickman@example.com,Male,14-04-1958,723-302-6416x66052,IsVeXLxV,424969.03
Jennifer,Livingston,leetodd@example.com,Male,23-08-1968,359.866.5449x74257,bJLBBRwb,617536.54
Kara,Smith,ohill@example.org,Female,02-01-1964,001-675-413-8697,wFHmcLFh,595377.27
Gregory,Holland,andrewflores@example.net,Male,17-08-1943,979.853.6149,rSauQmiX,358101.43
Christopher,Drake,hopkinsangela@example.com,Male,28-04-1967,+1-720-986-0718x63300,vCBvZWVF,876198.51
Stephen,Jones,aprilfox@example.net,Male,24-11-1984,946.287.6002,GhyCfbCG,667249.38
Jacob,Williams,brownaustin@example.org,Male,07-12-1967,001-870-868-5510x052,pIdolBJW,657533.22
Dana,Brewer,thomas11@example.org,Female,09-10-1973,001-955-305-2617,TCisKzNk,639741.86
Angela,Santos,williamseric@example.net,Male,11-03-2002,436.314.6500,grKLNCOw,719241.93
Andrea,Lewis,robertlewis@example.net,Male,17-10-1994,789-802-1491x5423,DutmYhgJ,110773.89
Julie,Lee,knightkyle@example.org,Male,10-01-1973,974-998-5474,jokPLXAb,577446.05
Debbie,Lopez,beckygarcia@example.org,Male,03-01-1954,001-962-586-0028x974,ndDzRVcB,884881.47
Krista,Martin,williamnguyen@example.com,Female,24-04-1988,+1-620-657-7979,hoZCfPpb,62566.7
Steven,Cobb,andrew34@example.com,Male,09-12-1991,783-245-9524,nQAZQnvl,532244.4
John,Shaw,nathan20@example.com,Female,05-11-1974,910-813-4654x847,bvcfyGWu,586097.15
Brian,Marquez,hillrenee@example.com,Male,20-02-1958,+1-265-676-0166x3567,vwPSaeME,865647.12
Tracey,Valencia,edward78@example.net,Female,15-01-1979,+1-993-699-4321x0503,txLAZend,100847.0
Gary,Delacruz,adampeters@example.net,Male,11-05-1957,804-585-1982x59224,cngByUdG,726133.54
Molly,Day,stewartdave@example.com,Female,11-05-1944,+1-972-326-6908x81769,gXoaoHtI,868488.62
Kelli,Ward,pcross@example.net,Male,08-07-1970,6866877327,aImtTPsw,594003.91
Danielle,Lloyd,navila@example.org,Female,02-05-1974,001-472-317-8838x7523,RSbWnAxh,562698.81
Curtis,Collins,emilywilson@example.com,Female,27-03-1948,4497896682,ENsQdmgl,126323.56
Ashley,Graves,sandra72@example.net,Female,05-04-1998,537.376.1309x6347,sXaoZxDQ,414725.94
Jeremy,Barnes,wrightcorey@example.com,Male,17-10-1959,613.423.4780x911,ewYpRLUv,672553.33
Michael,Smith,maria22@example.net,Female,15-02-1978,272-942-3338,StHgWvSI,94599.41
Christopher,Sanchez,nwhite@example.com,Male,13-03-1995,001-481-589-5472x313,pZopfLTX,297709.43
Kristen,Ewing,bautistawilliam@example.com,Male,01-10-2004,489.249.8927,qBvhkVbp,376924.85
Ashley,Sheppard,wmorrison@example.com,Female,12-10-1961,407.332.5989x42404,KqDPEGmm,682314.28
Jeremiah,Moore,lozanomakayla@example.org,Female,19-11-1959,001-650-666-4480x96772,uzsOXvWZ,461795.14
Brooke,Baker,pchavez@example.com,Male,08-09-1943,465-825-4566x69541,odwYImvO,4620.78
Clifford,Robinson,egeorge@example.com,Male,28-01-1973,209-917-4869x520,QfvDjxLL,443392.48
Martin,Johnson,denise13@example.org,Male,03-11-1948,+1-848-894-0559,WbnInitB,139127.77
Jonathan,Werner,brian18@example.com,Female,06-01-1951,(431)699-0687x392,zZRQfgqO,132883.05
Steven,Weiss,samantha59@example.net,Male,27-08-1956,638.986.3458x278,uhSxbeFC,435558.23
Pamela,Zimmerman,victoria03@example.net,Male,08-08-1946,(730)721-4294x35581,QWknOiUj,85845.79
Jennifer,Barry,newmanaudrey@example.org,Male,19-01-1957,465.461.7904x9206,qwlYKKwD,137590.37
Jeffrey,Santos,lindsay79@example.org,Female,04-09-1988,334-464-7813,VKqbjwOd,274235.59
Kevin,Jimenez,zachary76@example.com,Female,30-11-1963,955.785.8388,wGfGvweU,681731.85
Guy,Harrington,fordcynthia@example.net,Male,23-05-1952,514-788-8783x04594,iQzzwCuU,69644.66
Amber,Duncan,fkramer@example.net,Male,29-05-1962,001-470-770-7665x17156,BNkHRrWj,135065.32
Rhonda,Smith,marioweaver@example.com,Female,01-12-1992,+1-793-393-3850x77474,yFETEjlL,510770.68
Christine,Coleman,juliefoster@example.com,Female,06-10-1956,+1-539-282-0052,VCTcZvBc,463539.55
Ashley,Griffin,tthompson@example.org,Male,13-04-1974,+1-245-610-3477x94102,vqRXrBqH,849973.24
Jose,Ray,zclark@example.com,Female,26-07-1970,6949940188,kNiizoPr,4223.94
William,Williams,kimberlycampbell@example.net,Female,14-06-1948,608.474.7145x879,NPyKlzYi,152740.06
John,Wang,jacksonjack@example.net,Female,03-09-1999,722-854-9458x76337,cyMkUFUV,541182.25
Madison,Day,brian76@example.com,Female,12-11-1997,+1-872-494-1010,ZtAsGsMc,152742.23
Rebecca,Powell,pblack@example.org,Male,25-05-1996,486-214-2244x18810,oumZDHnH,926331.66
Richard,Schmitt,craigphillips@example.org,Male,08-06-2000,897-763-0133x5310,AhodkVxc,643212.79
Molly,Macdonald,barbara47@example.net,Female,22-10-1997,(530)846-1586x145,wCyfFZLz,786555.1
Victor,Rich,linda73@example.net,Male,23-11-1956,2603072348,ZvXJSWvt,841525.67
Sandra,Vasquez,robertanderson@example.net,Male,12-05-1956,659.583.8534,AKgoVoPo,429926.03
Michael,Jackson,beltranmary@example.net,Female,22-11-1979,5462515009,WdXkOuwE,898716.24
Jennifer,Hunt,hmartinez@example.org,Female,05-09-1994,(218)272-2414x97330,ybwkUUvl,317660.24
Deanna,Chapman,terry84@example.net,Female,07-02-1997,875-677-7744x688,gtOmEbHn,676586.61
Todd,Jackson,maguirre@example.net,Male,18-04-1982,989-403-3400x06957,FSRGZAjH,737222.81
Eric,Riley,ralph76@example.org,Female,20-01-2002,001-405-865-2589x92624,nBRrheyA,759265.32
Jessica,Cabrera,lisaprice@example.com,Male,24-05-1972,996-578-2363x9041,yEqksUWT,791501.0
Trevor,Tate,jacqueline07@example.com,Female,04-02-1987,832.906.4271x36091,AAVtEXog,962158.11
Matthew,Little,michaelroberts@example.org,Female,07-12-1951,349-880-3899,aETQdETF,948035.65
Amy,Taylor,jonathan11@example.net,Male,19-02-1990,(563)200-9423x68801,zMymkvxV,8408.4
Kevin,Simmons,ashleyho@example.net,Male,20-01-1945,+1-908-330-7854x449,PVtItUbW,301046.73
Henry,Burch,kmccarthy@example.net,Male,10-03-1946,6378146421,GubhiDsQ,348914.65
James,Gordon,lisa56@example.net,Male,31-01-1994,001-239-508-1964x93347,IvXGRmxt,809940.55
Lauren,Gibson,gstrickland@example.net,Female,04-08-1957,9078477473,kmMHUhTT,799494.26
Kathleen,Shepard,jasonhickman@example.net,Female,19-02-1994,001-862-809-8938x75272,TTSbuWTd,575288.22
Robert,Jacobson,joefitzpatrick@example.com,Female,26-03-1959,(979)433-4376,vsWYXRLI,98374.75
Melissa,Hull,smithjocelyn@example.com,Male,01-06-1958,(541)479-9907,CAuUAyZb,112729.57
Jonathan,Diaz,carlosestrada@example.net,Female,31-08-1989,001-680-271-1169x91068,Odufrbsz,367643.74
Laura,Gutierrez,bradleywilliams@example.org,Male,16-01-1949,001-486-995-1139x8370,ACBZLeES,291350.54
Vincent,Gutierrez,norrischristopher@example.com,Female,09-07-1974,996-955-7232x799,KCbvXLfK,390870.69
Edward,Brown,aprilclark@example.com,Female,06-09-1950,2362439267,XJZuesMj,577054.44
Joanna,Vang,ashleywalker@example.com,Male,13-07-2000,5652114261,zoICscsq,500268.49
Alexis,Moore,paul40@example.com,Male,06-09-1994,2044573811,vBRPdoCP,618796.23
Robert,Clark,christopher15@example.org,Male,13-09-1995,+1-995-868-4024x2982,kjmFJpbC,118806.33
Bryan,Kennedy,vjones@example.com,Male,11-06-1990,771.401.6220x09457,hikEVHAF,35222.28
Beverly,Rose,xosborne@example.net,Male,08-03-1955,857-660-3019x01891,Zmextezc,207900.08
Zachary,Bullock,thomasmckinney@example.com,Female,15-07-1975,891-977-0270x154,FqfCDMGs,596093.57
Wendy,Torres,lloydemily@example.com,Female,15-04-2004,(731)307-9594,lNxOhFbs,27576.39
Kimberly,Luna,sheilasparks@example.net,Female,13-10-1978,568.650.6169,tOfrDCLb,635888.34
Monica,Cooper,mcbridejimmy@example.org,Male,28-01-1969,001-676-759-5039x57858,IwxDfOGo,287523.34
Melissa,Bauer,marissa87@example.net,Female,21-08-1943,9412045172,YfMwdKJq,891661.75
Laura,Casey,courtneycalhoun@example.org,Female,18-04-1968,776.449.4551,zObkUObm,41990.96
Eric,Henderson,tonyabryant@example.net,Male,10-05-1982,001-215-680-1442x2231,JRCnzrco,125492.51
Rachel,Parker,melissamcintyre@example.com,Female,04-09-1996,414-632-0198,DGmyJbpb,501471.86
Matthew,Burton,basskatherine@example.com,Female,05-06-1995,372.892.6875x43259,kGaMJYlL,631202.13
Keith,Jones,terriwilliams@example.com,Male,03-10-1957,+1-562-262-0008x145,TuolDiJb,264106.87
Sharon,Doyle,pbrown@example.net,Female,21-04-1958,719-243-9819x0761,caTXgwld,695951.54
Maria,Hess,hbrady@example.com,Female,03-12-1964,667.259.7393,bCYwMMpq,479365.13
Kathryn,Williams,glopez@example.net,Female,28-12-1984,+1-836-663-7630x1974,SYfbZIde,670134.02
James,Peterson,wwilliams@example.org,Female,12-01-1953,847.788.8738,jxnrZNYN,702014.2
Jessica,Hays,bakerbrianna@example.com,Male,13-09-1998,956-775-4408,MYjOCGIr,363215.21
Robert,Brandt,angelthompson@example.org,Male,26-10-1971,6203463374,ABxOvfsZ,195447.39
Randy,Savage,dennis19@example.com,Male,15-08-1981,001-997-391-6380x06744,TciBJCZp,568196.93
Madeline,French,shawn73@example.net,Female,01-04-1949,+1-822-363-3708x6713,yKtCHxFg,999491.87
Heather,Richardson,richardanderson@example.net,Male,18-08-1976,9389172972,EtyhPZQn,383066.66
Kathryn,Miller,kmartinez@example.com,Male,29-09-1995,001-765-419-4448x489,sPNiZskN,504572.53
Zoe,Moss,vanessafox@example.com,Female,24-07-1978,(882)644-9532,SkuqQknO,669777.68
Eugene,Alvarado,carolineclark@example.com,Male,14-12-2005,914.541.0981,iCJwwHmT,288144.59
Anthony,Stevens,benjamin66@example.com,Female,14-04-1994,5316765310,ovjtHjSo,548001.13
Nicholas,Garcia,nathanielcollins@example.com,Female,21-06-2000,9969066863,OmlOJirR,862200.19
Christian,Wilson,deborahford@example.net,Male,26-01-1952,+1-800-574-8959x41794,FgGzsJDJ,258594.73
Kayla,Stewart,calvin76@example.org,Female,09-04-1990,+1-858-945-5204x61077,ZrySIRzz,175604.68
Michael,Cross,michaelwood@example.net,Male,18-07-1998,749.889.5269x23168,VPSTRmoF,949904.2
Randall,King,kaitlynrobinson@example.org,Female,22-10-1979,001-564-964-4303x76317,AgapzLtD,51186.2
Michael,Brown,romerogregory@example.org,Female,25-03-1973,+1-692-404-3050x05017,YTpPxxqj,364114.93
Marie,Bowers,boydjoshua@example.com,Female,17-06-1991,001-985-258-2273x05963,IwlLrqgt,609943.71
Autumn,Taylor,robert03@example.com,Female,26-05-1974,472.730.2132x599,dwnQxrNg,353088.56
Robert,Murray,bryanwilkins@example.net,Female,15-04-1960,435-950-6797x61770,rmxoHFKZ,238584.5
Russell,Welch,gsnyder@example.org,Female,28-06-1980,979-361-0113,QkACznLA,357071.49
